cliente0,"Calendarios ecológicos y productos de papel reciclado, Mochilas sostenibles hechas de materiales reciclados, Linternas solares recargables, Alimentos orgánicos, como frutas, verduras y granos, Cargadores solares para dispositivos móviles"

cliente1,"Bombillas LED de bajo consumo de energía, Cremas faciales libres de parabenos y productos químicos, Calcetines de fibra de bambú, Luminarias LED de bajo consumo de energía"

cliente2,"Paneles solares para instalación en residencias, Vaqueros hechos con materiales reciclados"

cliente3,"Mochilas sostenibles hechas de materiales reciclados, Juegos de cubiertos de acero inoxidable, Alimentos orgánicos, como frutas, verduras y granos"

cliente4,"Jabones artesanales de ingredientes naturales, Bolsos de cuero vegano, Equipos de escalada seguros y duraderos, Detergente multiuso natural, Bombillas LED de bajo consumo de energía"

cliente5,"Tiendas de campaña respetuosas con el medio ambiente, Cremas faciales libres de parabenos y productos químicos, Juegos de cubiertos de acero inoxidable"

cliente6,"Champú y acondicionador orgánicos, Auriculares bluetooth recargables"

cliente7,"Alimentos orgánicos, como frutas, verduras y granos, Linternas solares recargables, Libros sobre sostenibilidad y conservación ambiental, Muebles de madera certificada por el FSC"

cliente8,"Bolsos de cuero vegano, Jabones artesanales de ingredientes naturales"

cliente9,"Cepillo de dientes de bambú, Detergente multiuso natural, Guías prácticas para un estilo de vida más ecológico, Bolsos de cuero vegano, Bombillas LED de bajo consumo de energía"

cliente10,"Trajes de baño hechos de tejidos reciclados, Linternas solares recargables, Productos de granjas locales y comercio justo, Detergente multiuso natural"

cliente11,"Cremas faciales libres de parabenos y productos químicos, Auriculares bluetooth recargables, Mochilas sostenibles hechas de materiales reciclados, Cargadores solares para dispositivos móviles, Luminarias LED de bajo consumo de energía"

cliente12,"Detergente multiuso natural, Bolsos de cuero vegano, Tiendas de campaña respetuosas con el medio ambiente, Guías prácticas para un estilo de vida más ecológico, Ropa para actividades al aire libre hecha de tejidos sostenibles"

cliente13,"Guías prácticas para un estilo de vida más ecológico, Productos de granjas locales y comercio justo, Muebles de madera certificada por el FSC"

cliente14,"Cepillo de dientes de bambú, Vaqueros hechos con materiales reciclados, Calendarios ecológicos y productos de papel reciclado, Equipos de escalada seguros y duraderos"

cliente15,"Camisetas de algodón orgánico, Detergente multiuso natural"

cliente16,"DVDs de documentales ambientales, Ordenadores portátiles con diseño eficiente en términos de energía, Luminarias LED de bajo consumo de energía, Cremas faciales libres de parabenos y productos químicos"

cliente17,"Trajes de baño hechos de tejidos reciclados, Jabones artesanales de ingredientes naturales, Vaqueros hechos con materiales reciclados, Detergente multiuso natural"

cliente18,"Botellas de agua reutilizables, Calendarios ecológicos y productos de papel reciclado, Materiales educativos para niños sobre el medio ambiente, Linternas solares recargables"

cliente19,"Guías prácticas para un estilo de vida más ecológico, Champú y acondicionador orgánicos, Equipos de escalada seguros y duraderos"

cliente20,"Linternas solares recargables, Trajes de baño hechos de tejidos reciclados, Juegos de cubiertos de acero inoxidable, Camisetas de algodón orgánico, Mochilas sostenibles hechas de materiales reciclados"

cliente21,"Jabones artesanales de ingredientes naturales, Productos de granjas locales y comercio justo, Sartenes antiadherentes libres de productos químicos"

cliente22,"Champú y acondicionador orgánicos, Calcetines de fibra de bambú, Botellas de agua reutilizables"

cliente23,"Tiendas de campaña respetuosas con el medio ambiente, Calendarios ecológicos y productos de papel reciclado, Juegos de cubiertos de acero inoxidable, Alimentos orgánicos, como frutas, verduras y granos"

cliente24,"Cargadores solares para dispositivos móviles, Materiales educativos para niños sobre el medio ambiente, Calcetines de fibra de bambú, DVDs de documentales ambientales"

cliente25,"Paneles solares para instalación en residencias, Tiendas de campaña respetuosas con el medio ambiente, Cargadores solares para dispositivos móviles"

cliente26,"Auriculares bluetooth recargables, Luminarias LED de bajo consumo de energía, Sartenes antiadherentes libres de productos químicos"

cliente27,"Trajes de baño hechos de tejidos reciclados, Linternas solares recargables"

cliente28,"Calcetines de fibra de bambú, Camisetas de algodón orgánico"

cliente29,"Detergente multiuso natural, Luminarias LED de bajo consumo de energía, Paneles solares para instalación en residencias"

cliente30,"Ropa para actividades al aire libre hecha de tejidos sostenibles, Equipos de escalada seguros y duraderos, Bombillas LED de bajo consumo de energía"

cliente31,"Muebles de madera certificada por el FSC, DVDs de documentales ambientales, Cepillos de pelo de bambú, Detergente multiuso natural"

cliente32,"Trajes de baño hechos de tejidos reciclados, DVDs de documentales ambientales, Cremas faciales libres de parabenos y productos químicos"

cliente33,"Cremas faciales libres de parabenos y productos químicos, Jabones artesanales de ingredientes naturales, Maquillaje mineral, Calendarios ecológicos y productos de papel reciclado"

cliente34,"Guías prácticas para un estilo de vida más ecológico, Auriculares bluetooth recargables, Champú y acondicionador orgánicos, Bocadillos saludables y sin ingredientes artificiales, Paneles solares para instalación en residencias"

cliente35,"Trajes de baño hechos de tejidos reciclados, Tiendas de campaña respetuosas con el medio ambiente"

cliente36,"Bocadillos saludables y sin ingredientes artificiales, Linternas solares recargables, Ordenadores portátiles con diseño eficiente en términos de energía"

cliente37,"Guías prácticas para un estilo de vida más ecológico, Ordenadores portátiles con diseño eficiente en términos de energía, DVDs de documentales ambientales"

cliente38,"Juegos de cubiertos de acero inoxidable, Champú y acondicionador orgánicos, Cepillos de pelo de bambú"

cliente39,"Sartenes antiadherentes libres de productos químicos, Champú y acondicionador orgánicos, DVDs de documentales ambientales, Cepillo de dientes de bambú, Linternas solares recargables"

cliente40,"Alimentos orgánicos, como frutas, verduras y granos, Champú y acondicionador orgánicos"

cliente41,"Champú y acondicionador orgánicos, Cepillo de dientes de bambú"

cliente42,"Detergente multiuso natural, Equipos de escalada seguros y duraderos, Ropa para actividades al aire libre hecha de tejidos sostenibles"

cliente43,"Maquillaje mineral, Bolsos de cuero vegano, Luminarias LED de bajo consumo de energía, Bocadillos saludables y sin ingredientes artificiales"

cliente44,"Bolsos de cuero vegano, Tiendas de campaña respetuosas con el medio ambiente, Ropa para actividades al aire libre hecha de tejidos sostenibles"

cliente45,"Tiendas de campaña respetuosas con el medio ambiente, Bolsos de cuero vegano, Paneles solares para instalación en residencias, Equipos de escalada seguros y duraderos"

cliente46,"Champú y acondicionador orgánicos, Cepillos de pelo de bambú, Alimentos orgánicos, como frutas, verduras y granos"

cliente47,"Jabones artesanales de ingredientes naturales, Cargadores solares para dispositivos móviles, Vaqueros hechos con materiales reciclados"

cliente48,"Muebles de madera certificada por el FSC, Calendarios ecológicos y productos de papel reciclado, Luminarias LED de bajo consumo de energía"

cliente49,"Maquillaje mineral, Paneles solares para instalación en residencias, DVDs de documentales ambientales, Alimentos orgánicos, como frutas, verduras y granos, Productos de granjas locales y comercio justo"

cliente50,"Bombillas LED de bajo consumo de energía, Guías prácticas para un estilo de vida más ecológico, Trajes de baño hechos de tejidos reciclados"

cliente51,"Linternas solares recargables, Tiendas de campaña respetuosas con el medio ambiente, Libros sobre sostenibilidad y conservación ambiental"

cliente52,"Juegos de cubiertos de acero inoxidable, Cargadores solares para dispositivos móviles"

cliente53,"Champú y acondicionador orgánicos, Bombillas LED de bajo consumo de energía, Bocadillos saludables y sin ingredientes artificiales, Vaqueros hechos con materiales reciclados, Libros sobre sostenibilidad y conservación ambiental"

cliente54,"Sartenes antiadherentes libres de productos químicos, Auriculares bluetooth recargables"

cliente55,"Botellas de agua reutilizables, Tiendas de campaña respetuosas con el medio ambiente"

cliente56,"Cargadores solares para dispositivos móviles, Bolsos de cuero vegano, Champú y acondicionador orgánicos, Libros sobre sostenibilidad y conservación ambiental, Trajes de baño hechos de tejidos reciclados"

cliente57,"Mochilas sostenibles hechas de materiales reciclados, Equipos de escalada seguros y duraderos, Trajes de baño hechos de tejidos reciclados"

cliente58,"Productos de granjas locales y comercio justo, Camisetas de algodón orgánico"

cliente59,"Linternas solares recargables, Equipos de escalada seguros y duraderos, Champú y acondicionador orgánicos, Bocadillos saludables y sin ingredientes artificiales"

cliente60,"Productos de granjas locales y comercio justo, Calendarios ecológicos y productos de papel reciclado, Vaqueros hechos con materiales reciclados"

cliente61,"Bocadillos saludables y sin ingredientes artificiales, Champú y acondicionador orgánicos, Calcetines de fibra de bambú"

cliente62,"Jabones artesanales de ingredientes naturales, Juegos de cubiertos de acero inoxidable, Detergente multiuso natural"

cliente63,"Calcetines de fibra de bambú, Juegos de cubiertos de acero inoxidable, Bombillas LED de bajo consumo de energía, Auriculares bluetooth recargables, Productos de granjas locales y comercio justo"

cliente64,"Champú y acondicionador orgánicos, Calcetines de fibra de bambú, Alimentos orgánicos, como frutas, verduras y granos"

cliente65,"Paneles solares para instalación en residencias, Botellas de agua reutilizables"

cliente66,"Alimentos orgánicos, como frutas, verduras y granos, Bombillas LED de bajo consumo de energía, Linternas solares recargables, Trajes de baño hechos de tejidos reciclados"

cliente67,"Bolsos de cuero vegano, Vaqueros hechos con materiales reciclados, Materiales educativos para niños sobre el medio ambiente"

cliente68,"Maquillaje mineral, Detergente multiuso natural, Botellas de agua reutilizables, Camisetas de algodón orgánico"

cliente69,"Ordenadores portátiles con diseño eficiente en términos de energía, Sartenes antiadherentes libres de productos químicos"

cliente70,"Cargadores solares para dispositivos móviles, Bocadillos saludables y sin ingredientes artificiales, Juegos de cubiertos de acero inoxidable"

cliente71,"Cargadores solares para dispositivos móviles, Trajes de baño hechos de tejidos reciclados"

cliente72,"Sartenes antiadherentes libres de productos químicos, Cepillo de dientes de bambú, Bombillas LED de bajo consumo de energía, Linternas solares recargables, DVDs de documentales ambientales"

cliente73,"Calendarios ecológicos y productos de papel reciclado, Camisetas de algodón orgánico, Alimentos orgánicos, como frutas, verduras y granos, Cargadores solares para dispositivos móviles"

cliente74,"Botellas de agua reutilizables, DVDs de documentales ambientales"

cliente75,"Muebles de madera certificada por el FSC, Ropa para actividades al aire libre hecha de tejidos sostenibles"

cliente76,"Sartenes antiadherentes libres de productos químicos, Guías prácticas para un estilo de vida más ecológico"

cliente77,"Luminarias LED de bajo consumo de energía, Botellas de agua reutilizables, Muebles de madera certificada por el FSC, Champú y acondicionador orgánicos, Guías prácticas para un estilo de vida más ecológico"

cliente78,"Tiendas de campaña respetuosas con el medio ambiente, Jabones artesanales de ingredientes naturales"

cliente79,"Alimentos orgánicos, como frutas, verduras y granos, Champú y acondicionador orgánicos"

cliente80,"Trajes de baño hechos de tejidos reciclados, Vaqueros hechos con materiales reciclados, Jabones artesanales de ingredientes naturales"

cliente81,"Calendarios ecológicos y productos de papel reciclado, Equipos de escalada seguros y duraderos"

cliente82,"Camisetas de algodón orgánico, Paneles solares para instalación en residencias"

cliente83,"Sartenes antiadherentes libres de productos químicos, Botellas de agua reutilizables"

cliente84,"Productos de granjas locales y comercio justo, Calendarios ecológicos y productos de papel reciclado, Libros sobre sostenibilidad y conservación ambiental"

cliente85,"Ordenadores portátiles con diseño eficiente en términos de energía, Jabones artesanales de ingredientes naturales"

cliente86,"Linternas solares recargables, Luminarias LED de bajo consumo de energía"

cliente87,"Alimentos orgánicos, como frutas, verduras y granos, Sartenes antiadherentes libres de productos químicos, Cepillos de pelo de bambú"

cliente88,"Auriculares bluetooth recargables, Productos de granjas locales y comercio justo, Detergente multiuso natural, Bocadillos saludables y sin ingredientes artificiales"

cliente89,"Cepillo de dientes de bambú, Bocadillos saludables y sin ingredientes artificiales"

cliente90,"Bolsos de cuero vegano, Linternas solares recargables"

cliente91,"Equipos de escalada seguros y duraderos, Libros sobre sostenibilidad y conservación ambiental, Auriculares bluetooth recargables, Luminarias LED de bajo consumo de energía"

cliente92,"Trajes de baño hechos de tejidos reciclados, Champú y acondicionador orgánicos, Tiendas de campaña respetuosas con el medio ambiente, Sartenes antiadherentes libres de productos químicos"

cliente93,"Tiendas de campaña respetuosas con el medio ambiente, Cepillos de pelo de bambú"

cliente94,"Detergente multiuso natural, Equipos de escalada seguros y duraderos, Jabones artesanales de ingredientes naturales, DVDs de documentales ambientales, Alimentos orgánicos, como frutas, verduras y granos"

cliente95,"Mochilas sostenibles hechas de materiales reciclados, Paneles solares para instalación en residencias, Juegos de cubiertos de acero inoxidable"

cliente96,"Mochilas sostenibles hechas de materiales reciclados, Luminarias LED de bajo consumo de energía, Linternas solares recargables"

cliente97,"Cepillo de dientes de bambú, Linternas solares recargables, Botellas de agua reutilizables, Champú y acondicionador orgánicos, Cepillos de pelo de bambú"

cliente98,"Guías prácticas para un estilo de vida más ecológico, Cepillo de dientes de bambú, Trajes de baño hechos de tejidos reciclados, Materiales educativos para niños sobre el medio ambiente, Cepillos de pelo de bambú"

cliente99,"Tiendas de campaña respetuosas con el medio ambiente, Maquillaje mineral, Bolsos de cuero vegano, Mochilas sostenibles hechas de materiales reciclados"

